{
  "project_info": {
    "project_number": "404894332729",
    "project_id": "aurum-verus-tfg",
    "storage_bucket": "aurum-verus-tfg.firebasestorage.app"
  },
  "client": [
    {
      "client_info": {
        "mobilesdk_app_id": "1:404894332729:android:387ff13d3095502e625ae8",
        "android_client_info": {
          "package_name": "com.example.aurumverus"
        }
      },
      "oauth_client": [],
      "api_key": [
        {
          "current_key": "AIzaSyDGXksJPEBp2LHyk3qCZuZDN_blP84o7wQ"
        }
      ],
      "services": {
        "appinvite_service": {
          "other_platform_oauth_client": []
        }
      }
    }
  ],
  "configuration_version": "1"
}