{
  "project_info": {
    "project_number": "461278668917",
    "project_id": "aurum-verus",
    "storage_bucket": "aurum-verus.firebasestorage.app"
  },
  "client": [
    {
      "client_info": {
        "mobilesdk_app_id": "1:461278668917:android:cef9e1f823642e60cf303c",
        "android_client_info": {
          "package_name": "com.example.aurumverus"
        }
      },
      "oauth_client": [],
      "api_key": [
        {
          "current_key": "AIzaSyBbSu2Yy8NkjWoZ62i4WEsBv1DGciydTMg"
        }
      ],
      "services": {
        "appinvite_service": {
          "other_platform_oauth_client": []
        }
      }
    }
  ],
  "configuration_version": "1"
}