{"nm":"Main Scene","ddd":0,"h":500,"w":500,"meta":{"g":"@lottiefiles/creator 1.37.0"},"layers":[{"ty":0,"nm":"Nested Scene 2","sr":1,"st":88,"op":140,"ip":88,"hd":false,"ddd":0,"bm":0,"hasMask":false,"ao":0,"ks":{"a":{"a":0,"k":[250,438.7505]},"s":{"a":0,"k":[100,100]},"sk":{"a":0,"k":0},"p":{"a":1,"k":[{"o":{"x":0.167,"y":0.167},"i":{"x":0.833,"y":0.833},"s":[250,438.7505],"t":98},{"s":[250,438.7505],"t":110}]},"r":{"a":0,"k":0},"sa":{"a":0,"k":0},"o":{"a":1,"k":[{"o":{"x":0.167,"y":0.167},"i":{"x":0.833,"y":0.833},"s":[0],"t":82},{"s":[100],"t":137}]}},"w":500,"h":878,"refId":"precomp_newScene_f0b5c41f-fab7-4de1-b90f-6a5bf873686e","ind":1},{"ty":0,"nm":"Icon Asset","sr":1,"st":48,"op":140,"ip":48,"hd":false,"ddd":0,"bm":0,"hasMask":false,"ao":0,"ks":{"a":{"a":0,"k":[250,250]},"s":{"a":1,"k":[{"o":{"x":0.65,"y":0},"i":{"x":0.36,"y":1},"s":[74.422,74.42200000000001],"t":48},{"o":{"x":0.65,"y":0},"i":{"x":0.36,"y":1},"s":[200.30899999999997,200.30899999999997],"t":56},{"o":{"x":0.65,"y":0},"i":{"x":0.36,"y":1},"s":[143.0236,143.0236],"t":63},{"s":[148.7659,148.7659],"t":68}]},"sk":{"a":0,"k":0},"p":{"a":0,"k":[250,250]},"r":{"a":0,"k":0},"sa":{"a":0,"k":0},"o":{"a":1,"k":[{"o":{"x":0.65,"y":0},"i":{"x":0.36,"y":1},"s":[0],"t":48},{"s":[100],"t":56}]}},"w":500,"h":500,"refId":"precomp_newScene_d3dd3211-476a-4493-aaa1-08613e963887_d0e95c7c-0f4f-4efe-9fac-7baa2398cb19","ind":2},{"ty":4,"nm":"Ripple","sr":1,"st":48,"op":140,"ip":48,"hd":false,"ddd":0,"bm":0,"hasMask":false,"ao":0,"ks":{"a":{"a":0,"k":[0,0]},"s":{"a":1,"k":[{"o":{"x":0.65,"y":0},"i":{"x":0.36,"y":1},"s":[102.1023,102.1023],"t":63},{"s":[165.2173,165.2173],"t":90}]},"sk":{"a":0,"k":0},"p":{"a":0,"k":[250,250]},"r":{"a":0,"k":-360},"sa":{"a":0,"k":0},"o":{"a":1,"k":[{"o":{"x":0.65,"y":0},"i":{"x":0.36,"y":1},"s":[0],"t":49},{"o":{"x":0.65,"y":0},"i":{"x":0.36,"y":1},"s":[80],"t":63},{"s":[1],"t":90}]}},"shapes":[{"ty":"el","bm":0,"hd":false,"nm":"Ellipse Path 1","d":1,"p":{"a":0,"k":[0,0]},"s":{"a":0,"k":[296,296]}},{"ty":"fl","bm":0,"hd":false,"nm":"Fill","c":{"a":0,"k":[0.5294,0.5294,0.5294]},"r":2,"o":{"a":0,"k":100}}],"ind":3},{"ty":4,"nm":"Progress Track","sr":1,"st":0,"op":150,"ip":0,"hd":false,"ddd":0,"bm":0,"hasMask":false,"ao":0,"ks":{"a":{"a":0,"k":[0,0]},"s":{"a":1,"k":[{"o":{"x":0.65,"y":0},"i":{"x":0.36,"y":1},"s":[100,100],"t":48},{"o":{"x":0.65,"y":0},"i":{"x":0.36,"y":1},"s":[104.911,104.911],"t":50},{"s":[90.3795,90.3795],"t":61}]},"sk":{"a":0,"k":0},"p":{"a":0,"k":[250,250]},"r":{"a":0,"k":0},"sa":{"a":0,"k":0},"o":{"a":0,"k":100}},"shapes":[{"ty":"sh","bm":0,"hd":false,"nm":"Ellipse Path 1","d":1,"ks":{"a":0,"k":{"c":true,"i":[[-86.92424999999999,0],[0,-86.92424999999999],[86.92424999999999,0],[0,86.92424999999999]],"o":[[86.92424999999999,0],[0,86.92424999999999],[-86.92424999999999,0],[0,-86.92424999999999]],"v":[[0,-157.5],[157.5,0],[0,157.5],[-157.5,0]]}}},{"ty":"st","bm":0,"hd":false,"nm":"Stroke","lc":2,"lj":2,"ml":1,"o":{"a":0,"k":100},"w":{"a":0,"k":10},"c":{"a":1,"k":[{"o":{"x":0.167,"y":0.167},"i":{"x":0.833,"y":0.833},"s":[0,0,0],"t":0},{"o":{"x":0.167,"y":0.167},"i":{"x":0.833,"y":0.833},"s":[0,0,0],"t":34},{"o":{"x":0.167,"y":0.167},"i":{"x":0.833,"y":0.833},"s":[0,0,0],"t":53},{"o":{"x":0.167,"y":0.167},"i":{"x":0.833,"y":0.833},"s":[0,0,0],"t":58},{"o":{"x":0.167,"y":0.167},"i":{"x":0.833,"y":0.833},"s":[0,0,0],"t":82},{"o":{"x":0.167,"y":0.167},"i":{"x":0.833,"y":0.833},"s":[0,0,0],"t":118},{"s":[0,0,0],"t":119}]}},{"ty":"tm","bm":0,"hd":false,"nm":"Trim Path","e":{"a":1,"k":[{"o":{"x":0.65,"y":0},"i":{"x":0.36,"y":1},"s":[0],"t":0},{"s":[100],"t":48}]},"o":{"a":0,"k":0},"s":{"a":0,"k":0},"m":1}],"ind":4}],"v":"5.7.0","fr":30,"op":140,"ip":0,"assets":[{"nm":"Icon Asset","id":"precomp_newScene_d3dd3211-476a-4493-aaa1-08613e963887_d0e95c7c-0f4f-4efe-9fac-7baa2398cb19","layers":[{"ty":4,"nm":"Icono1","sr":1,"st":0,"op":90,"ip":0,"hd":false,"ddd":0,"bm":0,"hasMask":false,"ao":0,"ks":{"a":{"a":0,"k":[2484.744049072266,2498.797546386719]},"s":{"a":0,"k":[4.2,-4.2]},"sk":{"a":0,"k":0},"p":{"a":0,"k":[250,250]},"r":{"a":0,"k":0},"sa":{"a":0,"k":0},"o":{"a":0,"k":100}},"shapes":[{"ty":"gr","bm":0,"hd":false,"nm":"Group 1","it":[{"ty":"sh","bm":0,"hd":false,"nm":"Path 1","d":1,"ks":{"a":0,"k":{"c":true,"i":[[0,0],[-23,24],[-21,-39],[33,37]],"o":[[-18,-20],[25,-26],[22,42],[0,0]],"v":[[3745,1440],[3750,1395],[3811,1412],[3745,1440]]}}},{"ty":"fl","bm":0,"hd":false,"nm":"Fill","c":{"a":0,"k":[0,0,0]},"r":1,"o":{"a":0,"k":100}},{"ty":"tr","a":{"a":0,"k":[0,0]},"s":{"a":0,"k":[100,100]},"sk":{"a":0,"k":0},"p":{"a":0,"k":[0,0]},"r":{"a":0,"k":0},"sa":{"a":0,"k":0},"o":{"a":0,"k":100}}]},{"ty":"gr","bm":0,"hd":false,"nm":"Group 2","it":[{"ty":"sh","bm":0,"hd":false,"nm":"Path 2","d":1,"ks":{"a":0,"k":{"c":true,"i":[[0,0],[-12,-32],[0,0],[0,0],[0,0],[0,0]],"o":[[35,-39],[0,0],[0,0],[0,0],[0,0],[0,0]],"v":[[766,3079],[827,3071],[838,3100],[793,3100],[747,3100],[766,3079]]}}},{"ty":"fl","bm":0,"hd":false,"nm":"Fill","c":{"a":0,"k":[0,0,0]},"r":1,"o":{"a":0,"k":100}},{"ty":"tr","a":{"a":0,"k":[0,0]},"s":{"a":0,"k":[100,100]},"sk":{"a":0,"k":0},"p":{"a":0,"k":[0,0]},"r":{"a":0,"k":0},"sa":{"a":0,"k":0},"o":{"a":0,"k":100}}]},{"ty":"gr","bm":0,"hd":false,"nm":"Group 3","it":[{"ty":"sh","bm":0,"hd":false,"nm":"Path 3","d":1,"ks":{"a":0,"k":{"c":true,"i":[[0,0],[0,6],[-192,0],[4,-17],[5,-5],[78,193]],"o":[[-78,-192],[0,-7],[268,0],[-5,17],[-1,1],[0,0]],"v":[[1752,3200],[1610,2840],[1896,2830],[2178,2848],[1895,3548],[1752,3200]]}}},{"ty":"fl","bm":0,"hd":false,"nm":"Fill","c":{"a":0,"k":[0,0,0]},"r":1,"o":{"a":0,"k":100}},{"ty":"tr","a":{"a":0,"k":[0,0]},"s":{"a":0,"k":[100,100]},"sk":{"a":0,"k":0},"p":{"a":0,"k":[0,0]},"r":{"a":0,"k":0},"sa":{"a":0,"k":0},"o":{"a":0,"k":100}}]},{"ty":"gr","bm":0,"hd":false,"nm":"Group 4","it":[{"ty":"sh","bm":0,"hd":false,"nm":"Path 4","d":1,"ks":{"a":0,"k":{"c":true,"i":[[0,0],[0,0],[0,0],[0,0],[0,0],[43,46]],"o":[[0,0],[0,0],[0,0],[0,0],[34,52],[0,0]],"v":[[1092,3697],[1070,3674],[1099,3652],[1128,3631],[1145,3656],[1092,3697]]}}},{"ty":"fl","bm":0,"hd":false,"nm":"Fill","c":{"a":0,"k":[0,0,0]},"r":1,"o":{"a":0,"k":100}},{"ty":"tr","a":{"a":0,"k":[0,0]},"s":{"a":0,"k":[100,100]},"sk":{"a":0,"k":0},"p":{"a":0,"k":[0,0]},"r":{"a":0,"k":0},"sa":{"a":0,"k":0},"o":{"a":0,"k":100}}]},{"ty":"gr","bm":0,"hd":false,"nm":"Group 5","it":[{"ty":"sh","bm":0,"hd":false,"nm":"Path 5","d":1,"ks":{"a":0,"k":{"c":true,"i":[[0,0],[306,244],[99,441],[-31,214],[-945,108],[-114,-22],[-190,-93],[-203,-420],[484,-604],[94,-71],[329,-71],[223,-3],[19,2]],"o":[[-403,-50],[-365,-292],[-48,-217],[133,-926],[137,-15],[213,40],[429,209],[337,700],[-85,106],[-261,199],[-133,28],[-132,2],[0,0]],"v":[[2250,4544],[1160,4092],[435,2945],[406,2217],[2239,459],[2850,474],[3415,660],[4380,1622],[4140,3759],[3785,4111],[2908,4512],[2525,4545],[2250,4544]]}}},{"ty":"sh","bm":0,"hd":false,"nm":"Path 6","d":1,"ks":{"a":0,"k":{"c":true,"i":[[0,0],[-185,88],[-195,313],[32,384],[3,9],[-3,-17],[-7,-81],[207,-334],[554,-58],[117,22],[-5,-15],[-240,34]],"o":[[206,-28],[329,-156],[202,-326],[-7,-78],[-7,-16],[1,5],[33,387],[-298,479],[-142,14],[-153,-30],[17,52],[0,0]],"v":[[2652,4354],[3208,4189],[4002,3478],[4272,2352],[4254,2195],[4227,2197],[4241,2353],[3971,3470],[2604,4331],[2085,4315],[1942,4301],[2652,4354]]}}},{"ty":"sh","bm":0,"hd":false,"nm":"Path 7","d":1,"ks":{"a":0,"k":{"c":true,"i":[[0,0],[-22,1],[14,11],[-9,-15],[15,-29],[0,0],[0,0],[0,0],[0,0],[3,0],[-13,0],[15,11],[-9,-15],[11,7],[0,-5],[-44,27],[-6,0],[0,-32],[-23,0],[7,7]],"o":[[-14,-14],[11,-1],[-22,-17],[3,5],[0,0],[0,0],[0,0],[0,0],[-24,14],[-14,0],[13,-1],[-23,-17],[8,13],[-5,-3],[0,22],[26,-16],[6,0],[0,55],[6,0],[0,0]],"v":[[1733,4209],[1800,4080],[1796,4065],[1765,4060],[1743,4122],[1715,4175],[1712,4112],[1709,4049],[1665,4074],[1616,4100],[1669,4010],[1666,3995],[1635,3990],[1569,4114],[1560,4118],[1633,4109],[1690,4080],[1700,4138],[1734,4220],[1733,4209]]}}},{"ty":"sh","bm":0,"hd":false,"nm":"Path 8","d":1,"ks":{"a":0,"k":{"c":true,"i":[[0,0],[-18,24],[30,32],[45,-49],[9,2],[-15,-16],[11,18],[-27,14],[0,-31],[23,0],[-19,-15],[7,19]],"o":[[-3,-8],[40,-50],[-34,-36],[-21,24],[-11,-2],[19,21],[-7,-12],[26,-14],[0,28],[-14,1],[28,24],[0,0]],"v":[[1397,3996],[1425,3938],[1438,3833],[1324,3852],[1270,3891],[1274,3909],[1305,3920],[1372,3829],[1440,3873],[1362,3970],[1369,3990],[1397,3996]]}}},{"ty":"sh","bm":0,"hd":false,"nm":"Path 9","d":1,"ks":{"a":0,"k":{"c":true,"i":[[0,0],[3,9],[-27,-10],[3,7],[30,-2],[5,15],[-23,-8],[15,23],[7,-18],[13,8],[-34,-35],[-26,29]],"o":[[9,-10],[-7,-17],[10,4],[-2,-9],[-36,3],[-8,-21],[13,5],[-16,-25],[-9,25],[-22,-14],[41,42],[0,0]],"v":[[1165,3720],[1177,3685],[1236,3664],[1247,3658],[1198,3648],[1146,3633],[1187,3597],[1184,3575],[1159,3567],[1050,3655],[1076,3703],[1165,3720]]}}},{"ty":"sh","bm":0,"hd":false,"nm":"Path 10","d":1,"ks":{"a":0,"k":{"c":true,"i":[[0,0],[10,0],[-2,-4],[-8,0],[0,3]],"o":[[0,-11],[-5,0],[7,16],[5,0],[0,0]],"v":[[3510,3735],[1308,1320],[1302,1328],[3501,3740],[3510,3735]]}}},{"ty":"sh","bm":0,"hd":false,"nm":"Path 11","d":1,"ks":{"a":0,"k":{"c":true,"i":[[0,0],[9,0],[20,-49],[0,0],[0,0],[0,0],[0,0],[14,34],[0,0],[0,0],[-88,-4],[0,0],[0,0],[0,0],[0,0],[0,-6],[-62,2],[0,0],[0,0]],"o":[[218,-539],[-5,0],[0,0],[0,0],[0,0],[0,0],[-21,-52],[0,0],[0,0],[-88,0],[0,0],[0,0],[0,0],[0,0],[-51,2],[0,6],[0,0],[0,0],[0,0]],"v":[[2074,3150],[2272,2640],[2228,2728],[2193,2815],[1894,2815],[1596,2815],[1558,2720],[1494,2563],[1468,2500],[1399,2500],[1396,2522],[1461,2525],[1670,3040],[1878,3555],[1789,3558],[1700,3571],[1801,3578],[1902,3575],[2074,3150]]}}},{"ty":"sh","bm":0,"hd":false,"nm":"Path 12","d":1,"ks":{"a":0,"k":{"c":true,"i":[[0,0],[28,42],[56,-33],[5,3],[-17,-23],[-1,13],[-32,0],[8,-28],[15,9],[-15,-27],[-3,11],[-25,17]],"o":[[53,-34],[-20,-31],[-24,14],[-15,-9],[11,15],[0,-19],[29,0],[-7,22],[-13,-8],[9,17],[2,-8],[0,0]],"v":[[978,3445],[1015,3334],[903,3336],[850,3355],[855,3386],[870,3389],[971,3330],[1015,3391],[910,3455],[912,3483],[928,3490],[978,3445]]}}},{"ty":"sh","bm":0,"hd":false,"nm":"Path 13","d":1,"ks":{"a":0,"k":{"c":true,"i":[[0,0],[12,0],[9,28],[-15,17],[9,9],[0,-12],[6,16],[4,-4],[-6,-12],[-71,-3],[-4,-1],[3,8]],"o":[[-4,-8],[-18,0],[-10,-30],[13,-15],[-9,-9],[0,20],[-2,-6],[-4,3],[10,17],[45,1],[4,1],[0,0]],"v":[[904,3115],[875,3100],[840,3064],[846,3009],[852,2978],[840,2981],[727,3077],[716,3072],[719,3099],[813,3123],[902,3128],[904,3115]]}}},{"ty":"sh","bm":0,"hd":false,"nm":"Path 14","d":1,"ks":{"a":0,"k":{"c":true,"i":[[0,0],[-22,136],[-781,143],[-142,-14],[-96,-38],[-6,10],[9,4],[114,24],[223,0],[116,-25],[172,-85],[126,-577],[-47,47],[9,68]],"o":[[-19,-138],[126,-780],[122,-22],[123,13],[43,16],[5,-7],[-34,-19],[-117,-25],[-222,0],[-179,38],[-521,258],[-44,205],[8,-8],[0,0]],"v":[[579,2753],[584,2215],[2091,684],[2605,669],[3039,770],[3101,778],[3095,758],[2771,663],[2405,636],[2039,663],[1575,825],[569,2125],[582,2862],[579,2753]]}}},{"ty":"sh","bm":0,"hd":false,"nm":"Path 15","d":1,"ks":{"a":0,"k":{"c":true,"i":[[0,0],[45,0],[0,0],[0,0],[5,-1],[-6,-7],[-2,2],[-95,252],[-5,-7],[-106,-282],[0,0],[0,0],[0,6]],"o":[[0,-6],[0,0],[0,0],[-110,-291],[-11,4],[3,2],[2,-2],[103,-274],[4,7],[0,0],[0,0],[48,0],[0,0]],"v":[[3550,2540],[3472,2530],[3395,2530],[3195,2000],[2986,1473],[2625,2419],[2634,2419],[2811,1957],[2991,1511],[3192,2037],[3385,2550],[3468,2550],[3550,2540]]}}},{"ty":"sh","bm":0,"hd":false,"nm":"Path 16","d":1,"ks":{"a":0,"k":{"c":true,"i":[[0,0],[11,0],[-8,23],[-37,-38],[-20,20],[41,-11],[0,-5],[-10,4],[-11,-23],[41,54],[0,-57],[-19,30]],"o":[[3,-5],[-21,0],[9,-24],[35,37],[32,-32],[-11,3],[0,5],[15,-5],[31,59],[-39,-53],[0,48],[0,0]],"v":[[4115,2010],[4102,2000],[4066,1935],[4130,1955],[4208,1978],[4160,1867],[4140,1882],[4159,1885],[4194,1909],[4138,1940],[4050,1949],[4115,2010]]}}},{"ty":"sh","bm":0,"hd":false,"nm":"Path 17","d":1,"ks":{"a":0,"k":{"c":true,"i":[[0,0],[19,37],[60,-32],[6,3],[-16,-13],[-4,11],[-21,0],[0,-20],[23,6],[-14,-26],[-18,18],[-17,10]],"o":[[43,-26],[-22,-43],[-27,15],[-16,-10],[10,9],[6,-16],[19,0],[0,24],[-21,-6],[10,19],[10,-10],[0,0]],"v":[[4028,1715],[4065,1620],[3951,1605],[3891,1626],[3894,1659],[3913,1656],[4011,1600],[4060,1651],[3958,1727],[3950,1750],[3979,1751],[4028,1715]]}}},{"ty":"sh","bm":0,"hd":false,"nm":"Path 18","d":1,"ks":{"a":0,"k":{"c":true,"i":[[0,0],[0,13],[-30,-11],[3,7],[28,-2],[-25,27],[-7,-2],[23,21],[0,-13],[18,7],[-39,-40],[-22,22]],"o":[[7,-7],[0,-24],[10,4],[-3,-8],[-55,3],[9,-10],[20,8],[-17,-15],[0,22],[-23,-9],[38,39],[0,0]],"v":[[3818,1468],[3830,1433],[3896,1404],[3907,1398],[3860,1388],[3807,1348],[3837,1334],[3830,1305],[3810,1302],[3704,1396],[3727,1442],[3818,1468]]}}},{"ty":"sh","bm":0,"hd":false,"nm":"Path 19","d":1,"ks":{"a":0,"k":{"c":true,"i":[[0,0],[12,-9],[23,19],[0,0],[0,0],[0,0],[0,0],[-3,3],[14,11],[-26,24],[-24,-23],[4,-14],[-21,19],[4,4],[-3,-13],[20,6],[-28,-25],[-7,32]],"o":[[3,-15],[-11,10],[0,0],[0,0],[0,0],[0,0],[15,12],[3,-2],[-31,-24],[20,-18],[18,17],[-7,21],[12,-11],[-68,-57],[5,25],[-9,-3],[52,48],[0,0]],"v":[[3589,1254],[3578,1247],[3535,1235],[3505,1211],[3526,1190],[3546,1169],[3574,1191],[3606,1207],[3586,1182],[3580,1125],[3625,1130],[3644,1174],[3659,1176],[3673,1150],[3572,1082],[3482,1194],[3515,1234],[3589,1254]]}}},{"ty":"sh","bm":0,"hd":false,"nm":"Path 20","d":1,"ks":{"a":0,"k":{"c":true,"i":[[0,0],[-7,42],[4,2],[33,-28],[7,0],[-9,-9],[-69,63],[-2,-3],[8,-38],[-10,-7],[6,17]],"o":[[-4,-8],[7,-42],[-5,-3],[-33,27],[-10,0],[12,12],[18,-16],[3,2],[-12,56],[18,11],[0,0]],"v":[[3337,1095],[3344,1005],[3350,925],[3282,970],[3209,1020],[3208,1032],[3297,976],[3334,951],[3324,1024],[3322,1102],[3337,1095]]}}},{"ty":"fl","bm":0,"hd":false,"nm":"Fill","c":{"a":0,"k":[0,0,0]},"r":1,"o":{"a":0,"k":100}},{"ty":"tr","a":{"a":0,"k":[0,0]},"s":{"a":0,"k":[100,100]},"sk":{"a":0,"k":0},"p":{"a":0,"k":[0,0]},"r":{"a":0,"k":0},"sa":{"a":0,"k":0},"o":{"a":0,"k":100}}]}],"ind":1}]},{"nm":"Nested Scene 2","id":"precomp_newScene_f0b5c41f-fab7-4de1-b90f-6a5bf873686e","layers":[{"ty":4,"nm":"Merry-Christmas-_1_","sr":1,"st":0,"op":90,"ip":0,"hd":false,"ddd":0,"bm":0,"hasMask":false,"ao":0,"ks":{"a":{"a":0,"k":[2511.5,2483.0605468750005]},"s":{"a":0,"k":[10,-10.000000000000002]},"sk":{"a":0,"k":0},"p":{"a":0,"k":[250,438.7505]},"r":{"a":0,"k":0},"sa":{"a":0,"k":0},"o":{"a":0,"k":100}},"shapes":[{"ty":"gr","bm":0,"hd":false,"nm":"Group 1","it":[{"ty":"sh","bm":0,"hd":false,"nm":"Path 1","d":1,"ks":{"a":0,"k":{"c":true,"i":[[0,0],[12,71],[-127,-24],[0,-112],[55,-37],[46,31]],"o":[[-50,-35],[-26,-153],[83,15],[0,84],[-47,32],[0,0]],"v":[[4520,2668],[4438,2529],[4636,2276],[4773,2486],[4691,2667],[4520,2668]]}}},{"ty":"sh","bm":0,"hd":false,"nm":"Path 2","d":1,"ks":{"a":0,"k":{"c":true,"i":[[0,0],[66,73],[39,0],[24,-23],[-35,-77],[-54,0],[-23,22]],"o":[[65,-66],[-24,-27],[-36,0],[-53,51],[24,53],[34,0],[0,0]],"v":[[4680,2622],[4680,2347],[4606,2315],[4531,2344],[4499,2576],[4608,2650],[4680,2622]]}}},{"ty":"fl","bm":0,"hd":false,"nm":"Fill","c":{"a":0,"k":[0,0,0]},"r":1,"o":{"a":0,"k":100}},{"ty":"tr","a":{"a":0,"k":[0,0]},"s":{"a":0,"k":[100,100]},"sk":{"a":0,"k":0},"p":{"a":0,"k":[0,0]},"r":{"a":0,"k":0},"sa":{"a":0,"k":0},"o":{"a":0,"k":100}}]},{"ty":"gr","bm":0,"hd":false,"nm":"Group 2","it":[{"ty":"sh","bm":0,"hd":false,"nm":"Path 3","d":1,"ks":{"a":0,"k":{"c":true,"i":[[0,0],[0,109],[0,0],[0,0],[-20,-5],[0,-96],[60,-31],[11,12]],"o":[[-5,-4],[0,0],[0,0],[37,0],[70,20],[0,86],[-31,16],[0,0]],"v":[[3928,2684],[3920,2478],[3920,2280],[3988,2280],[4091,2290],[4210,2485],[4117,2666],[3928,2684]]}}},{"ty":"sh","bm":0,"hd":false,"nm":"Path 4","d":1,"ks":{"a":0,"k":{"c":true,"i":[[0,0],[0,80],[95,0],[0,0],[0,0],[0,0],[0,0],[-19,10]],"o":[[49,-24],[0,-107],[0,0],[0,0],[0,0],[0,0],[23,0],[0,0]],"v":[[4089,2632],[4160,2479],[4018,2320],[3970,2320],[3970,2485],[3970,2650],[4013,2650],[4089,2632]]}}},{"ty":"fl","bm":0,"hd":false,"nm":"Fill","c":{"a":0,"k":[0,0,0]},"r":1,"o":{"a":0,"k":100}},{"ty":"tr","a":{"a":0,"k":[0,0]},"s":{"a":0,"k":[100,100]},"sk":{"a":0,"k":0},"p":{"a":0,"k":[0,0]},"r":{"a":0,"k":0},"sa":{"a":0,"k":0},"o":{"a":0,"k":100}}]},{"ty":"gr","bm":0,"hd":false,"nm":"Group 3","it":[{"ty":"sh","bm":0,"hd":false,"nm":"Path 5","d":1,"ks":{"a":0,"k":{"c":true,"i":[[0,0],[0,0],[0,0],[0,0],[0,0],[22,-3],[0,0],[0,0]],"o":[[0,0],[0,0],[0,0],[0,0],[-3,201],[0,0],[0,0],[0,0]],"v":[[3610,2486],[3610,2280],[3635,2280],[3660,2280],[3658,2483],[3633,2688],[3610,2691],[3610,2486]]}}},{"ty":"fl","bm":0,"hd":false,"nm":"Fill","c":{"a":0,"k":[0,0,0]},"r":1,"o":{"a":0,"k":100}},{"ty":"tr","a":{"a":0,"k":[0,0]},"s":{"a":0,"k":[100,100]},"sk":{"a":0,"k":0},"p":{"a":0,"k":[0,0]},"r":{"a":0,"k":0},"sa":{"a":0,"k":0},"o":{"a":0,"k":100}}]},{"ty":"gr","bm":0,"hd":false,"nm":"Group 4","it":[{"ty":"sh","bm":0,"hd":false,"nm":"Path 6","d":1,"ks":{"a":0,"k":{"c":true,"i":[[0,0],[-19,0],[3,-166],[-1,0],[-54,94],[-20,0],[0,0],[0,0],[19,0],[0,165],[0,0],[0,0],[23,-3],[0,0],[0,0]],"o":[[0,-201],[20,0],[-2,94],[1,0],[83,-143],[0,0],[0,0],[0,198],[-19,0],[0,0],[0,0],[-124,215],[0,0],[0,0],[0,0]],"v":[[3060,2486],[3080,2280],[3098,2450],[3096,2620],[3195,2450],[3317,2280],[3340,2280],[3340,2485],[3320,2690],[3300,2518],[3300,2346],[3231,2466],[3082,2688],[3060,2691],[3060,2486]]}}},{"ty":"fl","bm":0,"hd":false,"nm":"Fill","c":{"a":0,"k":[0,0,0]},"r":1,"o":{"a":0,"k":100}},{"ty":"tr","a":{"a":0,"k":[0,0]},"s":{"a":0,"k":[100,100]},"sk":{"a":0,"k":0},"p":{"a":0,"k":[0,0]},"r":{"a":0,"k":0},"sa":{"a":0,"k":0},"o":{"a":0,"k":100}}]},{"ty":"gr","bm":0,"hd":false,"nm":"Group 5","it":[{"ty":"sh","bm":0,"hd":false,"nm":"Path 7","d":1,"ks":{"a":0,"k":{"c":true,"i":[[0,0],[0,0],[0,0],[0,-19],[88,0],[0,0],[0,0],[0,0],[0,0],[0,-18],[68,0],[0,0],[0,0],[0,0],[0,0],[0,-19],[108,0],[0,0],[0,0]],"o":[[0,0],[0,0],[113,0],[0,19],[0,0],[0,0],[0,0],[0,0],[68,0],[0,18],[0,0],[0,0],[0,0],[0,0],[83,0],[0,19],[0,0],[0,0],[0,0]],"v":[[2580,2485],[2580,2280],[2700,2280],[2820,2300],[2725,2320],[2630,2320],[2630,2395],[2630,2470],[2705,2470],[2780,2490],[2705,2510],[2630,2510],[2630,2580],[2630,2650],[2720,2650],[2810,2670],[2695,2690],[2580,2690],[2580,2485]]}}},{"ty":"fl","bm":0,"hd":false,"nm":"Fill","c":{"a":0,"k":[0,0,0]},"r":1,"o":{"a":0,"k":100}},{"ty":"tr","a":{"a":0,"k":[0,0]},"s":{"a":0,"k":[100,100]},"sk":{"a":0,"k":0},"p":{"a":0,"k":[0,0]},"r":{"a":0,"k":0},"sa":{"a":0,"k":0},"o":{"a":0,"k":100}}]},{"ty":"gr","bm":0,"hd":false,"nm":"Group 6","it":[{"ty":"sh","bm":0,"hd":false,"nm":"Path 8","d":1,"ks":{"a":0,"k":{"c":true,"i":[[0,0],[-34,107],[-26,0],[-59,-186],[0,-6],[10,0],[76,256],[4,0],[28,-95],[19,-3],[0,7]],"o":[[0,-7],[59,-186],[26,0],[34,107],[0,7],[-21,0],[-15,-51],[-3,0],[-44,150],[-13,2],[0,0]],"v":[[2060,2679],[2122,2473],[2210,2280],[2298,2473],[2360,2678],[2341,2690],[2244,2433],[2210,2340],[2154,2513],[2082,2688],[2060,2679]]}}},{"ty":"fl","bm":0,"hd":false,"nm":"Fill","c":{"a":0,"k":[0,0,0]},"r":1,"o":{"a":0,"k":100}},{"ty":"tr","a":{"a":0,"k":[0,0]},"s":{"a":0,"k":[100,100]},"sk":{"a":0,"k":0},"p":{"a":0,"k":[0,0]},"r":{"a":0,"k":0},"sa":{"a":0,"k":0},"o":{"a":0,"k":100}}]},{"ty":"gr","bm":0,"hd":false,"nm":"Group 7","it":[{"ty":"sh","bm":0,"hd":false,"nm":"Path 9","d":1,"ks":{"a":0,"k":{"c":true,"i":[[0,0],[-19,0],[3,-166],[-1,0],[-54,94],[-20,0],[0,0],[0,0],[19,0],[0,165],[0,0],[0,0],[23,-3],[0,0],[0,0]],"o":[[0,-201],[20,0],[-2,94],[1,0],[83,-143],[0,0],[0,0],[0,198],[-19,0],[0,0],[0,0],[-124,215],[0,0],[0,0],[0,0]],"v":[[1560,2486],[1580,2280],[1598,2450],[1596,2620],[1695,2450],[1817,2280],[1840,2280],[1840,2485],[1820,2690],[1800,2518],[1800,2346],[1731,2466],[1582,2688],[1560,2691],[1560,2486]]}}},{"ty":"fl","bm":0,"hd":false,"nm":"Fill","c":{"a":0,"k":[0,0,0]},"r":1,"o":{"a":0,"k":100}},{"ty":"tr","a":{"a":0,"k":[0,0]},"s":{"a":0,"k":[100,100]},"sk":{"a":0,"k":0},"p":{"a":0,"k":[0,0]},"r":{"a":0,"k":0},"sa":{"a":0,"k":0},"o":{"a":0,"k":100}}]},{"ty":"gr","bm":0,"hd":false,"nm":"Group 8","it":[{"ty":"sh","bm":0,"hd":false,"nm":"Path 10","d":1,"ks":{"a":0,"k":{"c":true,"i":[[0,0],[0,0],[0,0],[0,-19],[88,0],[0,0],[0,0],[0,0],[0,0],[0,-18],[68,0],[0,0],[0,0],[0,0],[0,0],[0,-19],[108,0],[0,0],[0,0]],"o":[[0,0],[0,0],[113,0],[0,19],[0,0],[0,0],[0,0],[0,0],[68,0],[0,18],[0,0],[0,0],[0,0],[0,0],[83,0],[0,19],[0,0],[0,0],[0,0]],"v":[[1080,2485],[1080,2280],[1200,2280],[1320,2300],[1225,2320],[1130,2320],[1130,2395],[1130,2470],[1205,2470],[1280,2490],[1205,2510],[1130,2510],[1130,2580],[1130,2650],[1220,2650],[1310,2670],[1195,2690],[1080,2690],[1080,2485]]}}},{"ty":"fl","bm":0,"hd":false,"nm":"Fill","c":{"a":0,"k":[0,0,0]},"r":1,"o":{"a":0,"k":100}},{"ty":"tr","a":{"a":0,"k":[0,0]},"s":{"a":0,"k":[100,100]},"sk":{"a":0,"k":0},"p":{"a":0,"k":[0,0]},"r":{"a":0,"k":0},"sa":{"a":0,"k":0},"o":{"a":0,"k":100}}]},{"ty":"gr","bm":0,"hd":false,"nm":"Group 9","it":[{"ty":"sh","bm":0,"hd":false,"nm":"Path 11","d":1,"ks":{"a":0,"k":{"c":true,"i":[[0,0],[0,109],[0,0],[0,0],[0,0],[0,0],[17,0],[3,4]],"o":[[-4,-3],[0,0],[0,0],[0,0],[0,0],[0,192],[-10,0],[0,0]],"v":[[767,2683],[760,2478],[760,2280],[785,2280],[810,2280],[810,2485],[792,2690],[767,2683]]}}},{"ty":"fl","bm":0,"hd":false,"nm":"Fill","c":{"a":0,"k":[0,0,0]},"r":1,"o":{"a":0,"k":100}},{"ty":"tr","a":{"a":0,"k":[0,0]},"s":{"a":0,"k":[100,100]},"sk":{"a":0,"k":0},"p":{"a":0,"k":[0,0]},"r":{"a":0,"k":0},"sa":{"a":0,"k":0},"o":{"a":0,"k":100}}]},{"ty":"gr","bm":0,"hd":false,"nm":"Group 10","it":[{"ty":"sh","bm":0,"hd":false,"nm":"Path 12","d":1,"ks":{"a":0,"k":{"c":true,"i":[[0,0],[0,0],[0,0],[-10,-77],[22,-26],[9,0],[-20,-21],[15,-39],[91,-6],[0,0],[0,0]],"o":[[0,0],[0,0],[128,0],[4,32],[-15,18],[-12,0],[27,28],[-11,28],[0,0],[0,0],[0,0]],"v":[[250,2486],[250,2280],[335,2280],[527,2387],[505,2458],[462,2490],[473,2518],[494,2635],[339,2687],[250,2693],[250,2486]]}}},{"ty":"sh","bm":0,"hd":false,"nm":"Path 13","d":1,"ks":{"a":0,"k":{"c":true,"i":[[0,0],[0,18],[68,5],[0,0],[0,0],[0,0],[0,0],[-20,15]],"o":[[17,-13],[0,-42],[0,0],[0,0],[0,0],[0,0],[39,0],[0,0]],"v":[[434,2629],[460,2581],[360,2512],[300,2508],[300,2579],[300,2650],[354,2650],[434,2629]]}}},{"ty":"sh","bm":0,"hd":false,"nm":"Path 14","d":1,"ks":{"a":0,"k":{"c":true,"i":[[0,0],[0,31],[83,0],[0,0],[0,0],[0,0],[0,0],[-14,9]],"o":[[20,-13],[0,-57],[0,0],[0,0],[0,0],[0,0],[36,-3],[0,0]],"v":[[455,2456],[480,2400],[364,2320],[300,2320],[300,2401],[300,2483],[365,2478],[455,2456]]}}},{"ty":"fl","bm":0,"hd":false,"nm":"Fill","c":{"a":0,"k":[0,0,0]},"r":1,"o":{"a":0,"k":100}},{"ty":"tr","a":{"a":0,"k":[0,0]},"s":{"a":0,"k":[100,100]},"sk":{"a":0,"k":0},"p":{"a":0,"k":[0,0]},"r":{"a":0,"k":0},"sa":{"a":0,"k":0},"o":{"a":0,"k":100}}]}],"ind":1}]}]}